id	filename	tokens	lemmas
801906	tlg0031.tlg023.perseus-grc2	Ο ΗΝ ΑΠʼ ΑΡΧΗΣ, ὃ ἀκηκόαμεν, ὃ ἑωράκαμεν τοῖς ὀφθαλμοῖς ἡμῶν, ὃ ἐθεασάμεθα καὶ αἱ χεῖρες ἡμῶν ἐψηλάφησαν, περὶ τοῦ λόγου τῆς ζωῆς,— καὶ ἡ ζωὴ ἐφανερώθη, καὶ ἑωράκαμεν καὶ μαρτυροῦμεν καὶ ἀπαγγέλλομεν ὑμῖν τὴν ζωὴν τὴν αἰώνιον ἥτις ἦν πρὸς τὸν πατέρα καὶ ἐφανερώθη ἡμῖν,— ὃ ἑωράκαμεν καὶ ἀκηκόαμεν ἀπαγγέλλομεν καὶ ὑμῖν, ἵνα καὶ ὑμεῖς κοινωνίαν ἔχητε μεθʼ ἡμῶν·	Ο    , ὅς ἀκούω , ὅς ὁράω ὁ ὀφθαλμός  , ὁ  καί ὁ χείρ ἐγώ ψηλαφάω , περί ὁ λόγος ὁ ζωή , — καί ὁ ζωή φανερόω , καί ὁράω καί μαρτυρέω καί ἀπαγγέλλω  ὁ ζωή ὁ αἰώνιος ὅστις εἰμί πρός ὁ πατήρ καί φανερόω  , — ὅς ὁράω καί  ἀπαγγέλλω καί  , ἵνα καί  κοινωνία  μετά  ·
801907	tlg0031.tlg023.perseus-grc2	καὶ ἡ κοινωνία δὲ ἡ ἡμετέρα μετὰ τοῦ πατρὸς καὶ μετὰ τοῦ υἱοῦ αὐτοῦ Ἰησοῦ Χριστοῦ·	καί ὁ κοινωνία δέ ὁ ἡμέτερος μετά ὁ πατήρ καί μετά ὁ  αὐτός Ἰησοῦς  ·
801908	tlg0031.tlg023.perseus-grc2	καὶ ταῦτα γράφομεν ἡμεῖς ἵνα ἡ χαρὰ ἡμῶν ᾖ πεπληρωμένη.	καί οὗτος   ἵνα ὁ χαρά ἐγώ εἰμί  .
801909	tlg0031.tlg023.perseus-grc2	Καὶ ἔστιν αὕτη ἡ ἀγγελία ἣν ἀκηκόαμεν ἀπʼ αὐτοῦ καὶ ἀναγγέλλομεν ὑμῖν, ὅτι ὁ θεὸς φῶς ἐστὶν καὶ σκοτία οὐκ ἔστιν ἐν αὐτῷ οὐδεμία.	καί εἰμί οὗτος ὁ ἀγγελία ὅς   αὐτός καί ἀναγγέλλω  , ὅτι2 ὁ  φάος εἰμί καί σκοτία οὐ εἰμί ἐν αὐτός οὐδείς .
801910	tlg0031.tlg023.perseus-grc2	Ἐὰν εἴπωμεν ὅτι κοινωνίαν ἔχομεν μετʼ αὐτοῦ καὶ ἐν τῷ σκότει περιπατῶμεν, ψευδόμεθα καὶ οὐ ποιοῦμεν τὴν ἀλήθειαν·	λέγω ὅτι2 κοινωνία ἔχω μετά αὐτός καί ἐν ὁ σκότος  ,  καί οὐ  ὁ ἀλήθεια ·
801911	tlg0031.tlg023.perseus-grc2	ἐὰν δὲ ἐν τῷ φωτὶ περιπατῶμεν ὡς αὐτὸς ἔστιν ἐν τῷ φωτί, κοινωνίαν ἔχομεν μετʼ ἀλλήλων καὶ τὸ αἷμα Ἰησοῦ τοῦ υἱοῦ αὐτοῦ καθαρίζει ἡμᾶς ἀπὸ πάσης ἁμαρτίας.	ἐάν δέ ἐν ὁ  περιπατέω ὡς αὐτός εἰμί ἐν ὁ φώς , κοινωνία ἔχω μετά ἀλλήλων καί ὁ αἷμα Ἰησοῦς ὁ  αὐτός καθαρίζω ἐγώ ἀπό πᾶς ἁμαρτία .
801912	tlg0031.tlg023.perseus-grc2	Ἐὰν εἴπωμεν ὅτι ἁμαρτίαν οὐκ ἔχομεν, ἑαυτοὺς πλανῶμεν καὶ ἡ ἀλήθεια οὐκ ἔστιν ἐν ἡμῖν.	λέγω ὅτι2 ἁμαρτία οὐ ἔχω , ἑαυτοῦ πλανάω καί ὁ ἀλήθεια οὐ εἰμί ἐν  .
801913	tlg0031.tlg023.perseus-grc2	ἐὰν ὁμολογῶμεν τὰς ἁμαρτίας ἡμῶν, πιστός ἐστιν καὶ δίκαιος ἵνα ἀφῇ ἡμῖν τὰς ἁμαρτίας καὶ καθαρίσῃ ἡμᾶς ἀπὸ πάσης ἀδικίας.	ὁμολογέω ὁ ἁμαρτία ἐγώ , πιστός2 εἰμί καί δίκαιος ἵνα ἀφίημι  ὁ ἁμαρτία καί καθαρίζω ἐγώ ἀπό πᾶς ἀδικία .
801914	tlg0031.tlg023.perseus-grc2	Ἐὰν εἴπωμεν ὅτι οὐχ ἡμαρτήκαμεν, ψεύστην ποιοῦμεν αὐτὸν καὶ ὁ λόγος αὐτοῦ οὐκ ἔστιν ἐν ἡμῖν.	λέγω ὅτι2 οὐ ἁμαρτάνω ,  ποιέω αὐτός καί ὁ λόγος αὐτός οὐ εἰμί ἐν  .
801915	tlg0031.tlg023.perseus-grc2	Τεκνία μου, ταῦτα γράφω ὑμῖν ἵνα μὴ ἁμάρτητε.	, οὗτος   ἵνα μή  .
801916	tlg0031.tlg023.perseus-grc2	καὶ ἐάν τις ἁμάρτῃ, παράκλητον ἔχομεν πρὸς τὸν πατέρα Ἰησοῦν Χριστὸν δίκαιον, καὶ αὐτὸς ἱλασμός ἐστιν περὶ τῶν ἁμαρτιῶν ἡμῶν, οὐ περὶ τῶν ἡμετέρων δὲ μόνον ἀλλὰ καὶ περὶ ὅλου τοῦ κόσμου.	καί ἐάν τις ἁμαρτάνω , παράκλητος ἔχω πρός ὁ πατήρ Ἰησοῦς Χριστός δίκαιος , καί αὐτός ἱλασμός εἰμί περί ὁ  ἐγώ , οὐ περί ὁ ἡμέτερος δέ μόνος ἀλλά καί περί  ὁ κόσμος .
801917	tlg0031.tlg023.perseus-grc2	Καὶ ἐν τούτῳ γινώσκομεν ὅτι ἐγνώκαμεν αὐτόν, ἐὰν τὰς ἐντολὰς αὐτοῦ τηρῶμεν.	ἐν  γιγνώσκω ὅτι2  αὐτός , ἐάν ὁ ἐντολή αὐτός τηρέω .
801918	tlg0031.tlg023.perseus-grc2	ὁ λέγων ὅτι Ἔγνωκα αὐτόν καὶ τὰς ἐντολὰς αὐτοῦ μὴ τηρῶν ψεύστης ἐστίν, καὶ ἐν τούτῳ ἡ ἀλήθεια οὐκ ἔστιν·	ὁ λέγω ὅτι2  αὐτός καί ὁ ἐντολή αὐτός μή τηρός ψεύστης εἰμί , καί ἐν οὗτος ὁ ἀλήθεια οὐ εἰμί ·
801919	tlg0031.tlg023.perseus-grc2	ὃς δʼ ἂν τηρῇ αὐτοῦ τὸν λόγον, ἀληθῶς ἐν τούτῳ ἡ ἀγάπη τοῦ θεοῦ τετελείωται.	ὅς δέ ἄν  αὐτός ὁ λόγος , ἀληθής ἐν οὗτος ὁ ἀγάπη ὁ θεός τελειόω .
801920	tlg0031.tlg023.perseus-grc2	Ἐν τούτῳ γινώσκομεν ὅτι ἐν αὐτῷ ἐσμέν·	ἐν οὗτος γιγνώσκω ὅτι2 ἐν αὐτός εἰμί ·
801921	tlg0031.tlg023.perseus-grc2	ὁ λέγων ἐν αὐτῷ μένειν ὀφείλει καθὼς ἐκεῖνος περιεπάτησεν καὶ αὐτὸς περιπατεῖν.	ὁ λέγω ἐν αὐτός μένω   ἐκεῖνος περιπατέω καί αὐτός περιπατέω .
801922	tlg0031.tlg023.perseus-grc2	Ἀγαπητοί, οὐκ ἐντολὴν καινὴν γράφω ὑμῖν, ἀλλʼ ἐντολὴν παλαιὰν ἣν εἴχετε ἀπʼ ἀρχῆς·	, οὐ ἐντολή καινός   ,  ἐντολή παλαιός ὅς  ἀπό ἀρχή ·
801923	tlg0031.tlg023.perseus-grc2	ἡ ἐντολὴ ἡ παλαιά ἐστιν ὁ λόγος ὃν ἠκούσατε.	ὁ ἐντολή ὁ  εἰμί ὁ λόγος ὅς ἀκούω .
801924	tlg0031.tlg023.perseus-grc2	πάλιν ἐντολὴν καινὴν γράφω ὑμῖν, ὅ ἐστιν ἀληθὲς ἐν αὐτῷ καὶ ἐν ὑμῖν, ὅτι ἡ σκοτία παράγεται καὶ τὸ φῶς τὸ ἀληθινὸν ἤδη φαίνει.	πάλιν ἐντολή καινός   ,  εἰμί ἀληθής ἐν αὐτός καί ἐν  , ὅτι2 ὁ σκοτία παράγω καί ὁ φάος ὁ ἀληθινός ἤδη φαίνω .
801925	tlg0031.tlg023.perseus-grc2	Ὁ λέγων ἐν τῷ φωτὶ εἶναι καὶ τὸν ἀδελφὸν αὐτοῦ μισῶν ἐν τῇ σκοτίᾳ ἐστὶν ἕως ἄρτι.	ὁ λέγω ἐν τῷ  εἰμί καί ὁ ἀδελφός αὐτός μισέω ἐν ὁ σκοτία εἰμί ἕως ἄρτι .
801926	tlg0031.tlg023.perseus-grc2	ὁ ἀγαπῶν τὸν ἀδελφὸν αὐτοῦ ἐν τῷ φωτὶ μένει, καὶ σκάνδαλον ἐν αὐτῷ οὐκ ἔστιν·	ὁ ἀγαπάω ὁ ἀδελφός αὐτός ἐν ὁ  μένος , καί σκάνδαλος ἐν αὐτός οὐ εἰμί ·
801927	tlg0031.tlg023.perseus-grc2	ὁ δὲ μισῶν τὸν ἀδελφὸν αὐτοῦ ἐν τῇ σκοτίᾳ ἐστὶν καὶ ἐν τῇ σκοτίᾳ περιπατεῖ, καὶ οὐκ οἶδεν ποῦ ὑπάγει, ὅτι ἡ σκοτία ἐτύφλωσεν τοὺς ὀφθαλμοὺς αὐτοῦ.	ὁ δέ μισέω ὁ ἀδελφός αὐτός ἐν ὁ σκοτία εἰμί καί ἐν ὁ σκοτία περιπατέω , καί οὐ οἶδα ποῦ ὑπάγω , ὅτι2 ὁ σκοτία τυφλόω ὁ ὀφθαλμός αὐτός .
801928	tlg0031.tlg023.perseus-grc2	Γράφω ὑμῖν, τεκνία, ὅτι ἀφέωνται ὑμῖν αἱ ἁμαρτίαι διὰ τὸ ὄνομα αὐτοῦ·	,  , ὅτι2 ἀφίημι  ὁ ἁμαρτία διά ὁ ὄνομα αὐτός ·
801929	tlg0031.tlg023.perseus-grc2	γράφω ὑμῖν, πατέρες, ὅτι ἐγνώκατε τὸν ἀπʼ ἀρχῆς·	, πατήρ , ὅτι2  ὁ ἀπό ἀρχή ·
801930	tlg0031.tlg023.perseus-grc2	γράφω ὑμῖν, νεανίσκοι, ὅτι νενικήκατε τὸν πονηρόν.	, νεανίσκος , ὅτι2  ὁ πονηρός .
801931	tlg0031.tlg023.perseus-grc2	ἔγραψα ὑμῖν, παιδία, ὅτι ἐγνώκατε τὸν πατέρα·	γράφω  , παιδίον , ὅτι2  ὁ πατήρ ·
801932	tlg0031.tlg023.perseus-grc2	ἔγραψα ὑμῖν, πατέρες, ὅτι ἐγνώκατε τὸν ἀπʼ ἀρχῆς·	γράφω  , πατήρ , ὅτι2  ὁ ἀπό ἀρχή ·
801933	tlg0031.tlg023.perseus-grc2	ἔγραψα ὑμῖν, νεανίσκοι, ὅτι ἰσχυροί ἐστε καὶ ὁ λόγος τοῦ θεοῦ ἐν ὑμῖν μένει καὶ νενικήκατε τὸν πονηρόν.	γράφω  , νεανίσκος , ὅτι2 ἰσχυρός εἰμί καί ὁ λόγος ὁ θεός ἐν  μένω καί  ὁ πονηρός .
801934	tlg0031.tlg023.perseus-grc2	Μὴ ἀγαπᾶτε τὸν κόσμον μηδὲ τὰ ἐν τῷ κόσμῳ.	μή ἀγαπάω ὁ κόσμος μηδέ ὁ ἐν ὁ κόσμος .
801935	tlg0031.tlg023.perseus-grc2	ἐάν τις ἀγαπᾷ τὸν κόσμον, οὐκ ἔστιν ἡ ἀγάπη τοῦ πατρὸς ἐν αὐτῷ·	ἐάν τις ἀγάπη ὁ κόσμος , οὐ εἰμί ὁ ἀγάπη ὁ πατήρ ἐν αὐτός ·
801936	tlg0031.tlg023.perseus-grc2	ὅτι πᾶν τὸ ἐν τῷ κόσμῳ, ἡ ἐπιθυμία τῆς σαρκὸς καὶ ἡ ἐπιθυμία τῶν ὀφθαλμῶν καὶ ἡ ἀλαζονία τοῦ βίου, οὐκ ἔστιν ἐκ τοῦ πατρός, ἀλλὰ ἐκ τοῦ κόσμου ἐστίν·	ὅτι2 πᾶς ὁ ἐν ὁ κόσμος , ὁ ἐπιθυμία ὁ σάρξ καί ὁ ἐπιθυμία ὁ ὀφθαλμός καί ὁ ἀλαζονεία ὁ βίος , οὐ εἰμί ἐκ ὁ πατήρ , ἀλλά ἐκ ὁ κόσμος εἰμί ·
801937	tlg0031.tlg023.perseus-grc2	καὶ ὁ κόσμος παράγεται καὶ ἡ ἐπιθυμία αὐτοῦ, ὁ δὲ ποιῶν τὸ θέλημα τοῦ θεοῦ μένει εἰς τὸν αἰῶνα.	καί ὁ κόσμος παράγω καί ὁ ἐπιθυμία αὐτός , ὁ δέ ποιέω ὁ θέλημα ὁ θεός μένω εἰς ὁ αἰών .
801938	tlg0031.tlg023.perseus-grc2	Παιδία, ἐσχάτη ὥρα ἐστίν, καὶ καθὼς ἠκούσατε ὅτι ἀντίχριστος ἔρχεται, καὶ νῦν ἀντίχριστοι πολλοὶ γεγόνασιν·	, ἔσχατος ὥρα2 εἰμί , καί  ἀκούω ὅτι2  ἔρχομαι , καί νῦν  πολύς γίγνομαι ·
801939	tlg0031.tlg023.perseus-grc2	ὅθεν γινώσκομεν ὅτι ἐσχάτη ὥρα ἐστίν.	ὅθεν γιγνώσκω ὅτι2 ἔσχατος ὥρα2 εἰμί .
801940	tlg0031.tlg023.perseus-grc2	ἐξ ἡμῶν ἐξῆλθαν, ἀλλʼ οὐκ ἦσαν ἐξ ἡμῶν·	ἐκ ἐγώ ἐξέρχομαι , ἀλλά οὐ εἰμί ἐκ  ·
801941	tlg0031.tlg023.perseus-grc2	εἰ γὰρ ἐξ ἡμῶν ἦσαν, μεμενήκεισαν ἂν μεθʼ ἡμῶν·	εἰ γάρ ἐκ ἐγώ εἰμί ,  ἐάν μετά ἡμός ·
801942	tlg0031.tlg023.perseus-grc2	ἀλλʼ ἵνα φανερωθῶσιν ὅτι οὐκ εἰσὶν πάντες ἐξ ἡμῶν.	ἵνα  ὅτι2 οὐ εἰμί πᾶς ἐκ  .
801943	tlg0031.tlg023.perseus-grc2	καὶ ὑμεῖς χρίσμα ἔχετε ἀπὸ τοῦ ἁγίου·	καί   ἔχω ἀπό ὁ  ·
801944	tlg0031.tlg023.perseus-grc2	οἴδατε πάντες— οὐκ ἔγραψα ὑμῖν ὅτι οὐκ οἴδατε τὴν ἀλήθειαν, ἀλλʼ ὅτι οἴδατε αὐτήν, καὶ ὅτι πᾶν ψεῦδος ἐκ τῆς ἀληθείας οὐκ ἔστιν.	πᾶς — οὐ γράφω  ὅτι2 οὐ  ὁ ἀλήθεια , ἀλλά ὅτι2  αὐτός , καί ὅτι2 πᾶς ψεῦδος ἐκ ὁ ἀλήθεια  εἰμί .
801945	tlg0031.tlg023.perseus-grc2	Τίς ἐστιν ὁ ψεύστης εἰ μὴ ὁ ἀρνούμενος ὅτι Ἰησοῦς οὐκ ἔστιν ὁ χριστός;	εἰμί ὁ ψεύστης εἰ μή ὁ  ὅτι2  οὐ εἰμί ὁ χριστός ;
801946	tlg0031.tlg023.perseus-grc2	οὗτός ἐστιν ὁ ἀντίχριστος, ὁ ἀρνούμενος τὸν πατέρα καὶ τὸν υἱόν.	εἰμί ὁ  , ὁ  ὁ πατήρ καί ὁ υἱός .
801947	tlg0031.tlg023.perseus-grc2	πᾶς ὁ ἀρνούμενος τὸν υἱὸν οὐδὲ τὸν πατέρα ἔχει·	πᾶς ὁ  ὁ υἱός οὐδέ ὁ πατήρ ἔχω ·
801948	tlg0031.tlg023.perseus-grc2	ὁ ὁμολογῶν τὸν υἱὸν καὶ τὸν πατέρα ἔχει.	ὁ ὁμολογέω ὁ υἱός καί ὁ πατήρ ἔχω .
801949	tlg0031.tlg023.perseus-grc2	Ὑμεῖς ὃ ἠκούσατε ἀπʼ ἀρχῆς, ἐν ὑμῖν μενέτω·	ὅς ἀκούω ἀπό ἀρχή , ἐν  μένω ·
801950	tlg0031.tlg023.perseus-grc2	ἐὰν ἐν ὑμῖν μείνῃ ὃ ἀπʼ ἀρχῆς ἠκούσατε, καὶ ὑμεῖς ἐν τῷ υἱῷ καὶ ἐν τῷ πατρὶ μενεῖτε.	ἐν   ὅς ἀπό ἀρχή ἀκούω , καί  ἐν τῷ υἱός καί ἐν ὁ πατήρ  .
801951	tlg0031.tlg023.perseus-grc2	καὶ αὕτη ἐστὶν ἡ ἐπαγγελία ἣν αὐτὸς ἐπηγγείλατο ἡμῖν, τὴν ζωὴν τὴν αἰώνιον.	καί οὗτος εἰμί ὁ ἐπαγγελία ὅς αὐτός ἐπαγγέλλω ἐγώ , ὁ ζωή ὁ αἰώνιος .
801952	tlg0031.tlg023.perseus-grc2	Ταῦτα ἔγραψα ὑμῖν περὶ τῶν πλανώντων ὑμᾶς.	γράφω  περί ὁ   .
801953	tlg0031.tlg023.perseus-grc2	καὶ ὑμεῖς τὸ χρίσμα ὃ ἐλάβετε ἀπʼ αὐτοῦ μένει ἐν ὑμῖν, καὶ οὐ χρείαν ἔχετε ἵνα τις διδάσκῃ ὑμᾶς·	καί  ὁ   λαμβάνω ἀπό αὐτός μένω ἐν σύ , καί οὐ χρεία ἔχω ἵνα τις  σύ ·
801954	tlg0031.tlg023.perseus-grc2	ἀλλʼ ὡς τὸ αὐτοῦ χρίσμα διδάσκει ὑμᾶς περὶ πάντων, καὶ ἀληθές ἐστιν καὶ οὐκ ἔστιν ψεῦδος, καὶ καθὼς ἐδίδαξεν ὑμᾶς, μένετε ἐν αὐτῷ.	ὡς ὁ αὐτός  διδάσκω  περί πᾶς , καί ἀληθής εἰμί καί  εἰμί ψεῦδος , καί  διδάσκω  , μένω ἐν αὐτός .
801955	tlg0031.tlg023.perseus-grc2	Καὶ νῦν, τεκνία, μένετε ἐν αὐτῷ, ἵνα ἐὰν φανερωθῇ σχῶμεν παρρησίαν καὶ μὴ αἰσχυνθῶμεν ἀπʼ αὐτοῦ ἐν τῇ παρουσίᾳ αὐτοῦ.	καί νῦν ,  , μένω ἐν αὐτός , ἵνα  φανερόω ἔχω παρρησία καί μή  ἀπό αὐτός ἐν ὁ παρουσία αὐτός .
801956	tlg0031.tlg023.perseus-grc2	ἐὰν εἰδῆτε ὅτι δίκαιός ἐστιν, γινώσκετε ὅτι πᾶς ὁ ποιῶν τὴν δικαιοσύνην ἐξ αὐτοῦ γεγέννηται.	ἐάν  ὅτι2 δίκαιος εἰμί , γιγνώσκω ὅτι2 πᾶς ὁ ποιέω ὁ δικαιοσύνη ἐκ αὐτός γεννάω .
801957	tlg0031.tlg023.perseus-grc2	Ἴδετε ποταπὴν ἀγάπην δέδωκεν ἡμῖν ὁ πατὴρ ἵνα τέκνα θεοῦ κληθῶμεν, καί ἐσμεν.	ὁράω  ἀγάπη δίδωμι  ὁ πατήρ ἵνα τέκνον θεός  , καί εἰμί .
801958	tlg0031.tlg023.perseus-grc2	διὰ τοῦτο ὁ κόσμος οὐ γινώσκει ἡμᾶς ὅτι οὐκ ἔγνω αὐτόν.	διά οὗτος ὁ κόσμος οὐ γιγνώσκω ἐγώ ὅτι2 οὐ γιγνώσκω αὐτός .
801959	tlg0031.tlg023.perseus-grc2	Ἀγαπητοί, νῦν τέκνα θεοῦ ἐσμέν, καὶ οὔπω ἐφανερώθη τί ἐσόμεθα.	, νῦν τέκνον θεός εἰμί , καί οὔπω φανερόω τι εἰμί .
801960	tlg0031.tlg023.perseus-grc2	οἴδαμεν ὅτι ἐὰν φανερωθῇ ὅμοιοι αὐτῷ ἐσόμεθα, ὅτι ὀψόμεθα αὐτὸν καθώς ἐστιν.	ὅτι2 ἐάν φανερόω ὅμοιος αὐτός εἰμί , ὅτι2 ὁράω αὐτός  εἰμί .
801961	tlg0031.tlg023.perseus-grc2	καὶ πᾶς ὁ ἔχων τὴν ἐλπίδα ταύτην ἐπʼ αὐτῷ ἁγνίζει ἑαυτὸν καθὼς ἐκεῖνος ἁγνός ἐστιν.	καί πᾶς ὁ ἔχω ὁ ἐλπίς οὗτος  αὐτός ἁγνίζω ἑαυτοῦ  ἐκεῖνος  εἰμί .
801962	tlg0031.tlg023.perseus-grc2	Πᾶς ὁ ποιῶν τὴν ἁμαρτίαν καὶ τὴν ἀνομίαν ποιεῖ, καὶ ἡ ἁμαρτία ἐστὶν ἡ ἀνομία.	ὁ ποιέω ὁ ἁμαρτία καί ὁ ἀνομία ποιέω , καί ὁ ἁμαρτία  ὁ ἀνομία .
801963	tlg0031.tlg023.perseus-grc2	καὶ οἴδατε ὅτι ἐκεῖνος ἐφανερώθη ἵνα τὰς ἁμαρτίας ἄρῃ, καὶ ἁμαρτία ἐν αὐτῷ οὐκ ἔστιν.	καί  ὅτι2 ἐκεῖνος φανερόω ἵνα ὁ ἁμαρτία  , καί ἁμαρτία ἐν αὐτός οὐ εἰμί .
801964	tlg0031.tlg023.perseus-grc2	πᾶς ὁ ἐν αὐτῷ μένων οὐχ ἁμαρτάνει·	πᾶς ὁ ἐν αὐτός μένω οὐ ἁμαρτάνω ·
801965	tlg0031.tlg023.perseus-grc2	πᾶς ὁ ἁμαρτάνων οὐχ ἑώρακεν αὐτὸν οὐδὲ ἔγνωκεν αὐτόν.	πᾶς ὁ ἁμαρτάνω οὐ ὁράω αὐτός οὐδέ γιγνώσκω αὐτός .
801966	tlg0031.tlg023.perseus-grc2	Τεκνία, μηδεὶς πλανάτω ὑμᾶς·	,  πλανάω  ·
801967	tlg0031.tlg023.perseus-grc2	ὁ ποιῶν τὴν δικαιοσύνην δίκαιός ἐστιν, καθὼς ἐκεῖνος δίκαιός ἐστιν·	ὁ ποιέω ὁ δικαιοσύνη δίκαιος εἰμί ,  ἐκεῖνος δίκαιος εἰμί ·
801968	tlg0031.tlg023.perseus-grc2	ὁ ποιῶν τὴν ἁμαρτίαν ἐκ τοῦ διαβόλου ἐστίν, ὅτι ἀπʼ ἀρχῆς ὁ διάβολος ἁμαρτάνει.	ὁ ποιέω ὁ ἁμαρτία ἐκ ὁ  εἰμί , ὅτι2  ἀρχή ὁ  ἁμαρτάνω .
801969	tlg0031.tlg023.perseus-grc2	εἰς τοῦτο ἐφανερώθη ὁ υἱὸς τοῦ θεοῦ ἵνα λύσῃ τὰ ἔργα τοῦ διαβόλου.	εἰς οὗτος φανερόω ὁ υἱός ὁ θεός ἵνα λύω ὁ ἔργον ὁ  .
801970	tlg0031.tlg023.perseus-grc2	Πᾶς ὁ γεγεννημένος ἐκ τοῦ θεοῦ ἁμαρτίαν οὐ ποιεῖ, ὅτι σπέρμα αὐτοῦ ἐν αὐτῷ μένει, καὶ οὐ δύναται ἁμαρτάνειν, ὅτι ἐκ τοῦ θεοῦ γεγέννηται.	ὁ γεννάω ἐκ ὁ θεός ἁμαρτία οὐ ποιέω , ὅτι2 σπέρμα αὐτός ἐν αὐτός μένος , καί οὐ δύναμαι ἁμαρτάνω , ὅτι2 ἐκ ὁ θεός γεννάω .
801971	tlg0031.tlg023.perseus-grc2	ἐν τούτῳ φανερά ἐστιν τὰ τέκνα τοῦ θεοῦ καὶ τὰ τέκνα τοῦ διαβόλου·	ἐν οὗτος φανερός εἰμί ὁ τέκνον ὁ θεός καί ὁ τέκνον ὁ  ·
801972	tlg0031.tlg023.perseus-grc2	πᾶς ὁ μὴ ποιῶν δικαιοσύνην οὐκ ἔστιν ἐκ τοῦ θεοῦ, καὶ ὁ μὴ ἀγαπῶν τὸν ἀδελφὸν αὐτοῦ.	πᾶς ὁ μή ποιέω δικαιοσύνη οὐ εἰμί ἐκ ὁ θεός , καί ὁ μή ἀγαπάω ὁ ἀδελφός αὐτός .
801973	tlg0031.tlg023.perseus-grc2	ὅτι αὕτη ἐστὶν ἡ ἀγγελία ἣν ἠκούσατε ἀπʼ ἀρχῆς, ἵνα ἀγαπῶμεν ἀλλήλους·	ὅτι2 οὗτος εἰμί ὁ ἀγγελία ὅς ἀκούω ἀπό ἀρχή , ἵνα ἀγαπάω ἀλλήλων ·
801974	tlg0031.tlg023.perseus-grc2	οὐ καθὼς Καὶν ἐκ τοῦ πονηροῦ ἦν καὶ ἔσφαξεν τὸν ἀδελφὸν αὐτοῦ·	οὐ   ἐκ ὁ πονηρός εἰμί καί σφάζω ὁ ἀδελφός αὐτός ·
801975	tlg0031.tlg023.perseus-grc2	καὶ χάριν τίνος ἔσφαξεν αὐτόν;	καί χάριν τις σφάζω αὐτός ;
801976	tlg0031.tlg023.perseus-grc2	ὅτι τὰ ἔργα αὐτοῦ πονηρὰ ἦν, τὰ δὲ τοῦ ἀδελφοῦ αὐτοῦ δίκαια.	ὅτι2 ὁ ἔργον αὐτός πονηρός εἰμί , ὁ δέ ὁ ἀδελφός αὐτός δίκαιος .
801977	tlg0031.tlg023.perseus-grc2	Μὴ θαυμάζετε, ἀδελφοί, εἰ μισεῖ ὑμᾶς ὁ κόσμος.	μή θαυμάζω ,  , εἰ μισέω  ὁ κόσμος .
801978	tlg0031.tlg023.perseus-grc2	ἡμεῖς οἴδαμεν ὅτι μεταβεβήκαμεν ἐκ τοῦ θανάτου εἰς τὴν ζωήν, ὅτι ἀγαπῶμεν τοὺς ἀδελφούς·	οἶδα ὅτι2 μεταβαίνω ἐκ ὁ θάνατος εἰς ὁ ζωή , ὅτι2 ἀγαπάω ὁ ἀδελφός ·
801979	tlg0031.tlg023.perseus-grc2	ὁ μὴ ἀγαπῶν μένει ἐν τῷ θανάτῳ.	ὁ μή ἀγαπάω μένος ἐν ὁ θάνατος .
801980	tlg0031.tlg023.perseus-grc2	πᾶς ὁ μισῶν τὸν ἀδελφὸν αὐτοῦ ἀνθρωποκτόνος ἐστίν, καὶ οἴδατε ὅτι πᾶς ἀνθρωποκτόνος οὐκ ἔχει ζωὴν αἰώνιον ἐν αὐτῷ μένουσαν.	πᾶς ὁ μισέω ὁ ἀδελφός αὐτός  εἰμί , καί  ὅτι2 πᾶς  οὐ ἔχω ζωή αἰώνιος ἐν αὐτός μένω .
801981	tlg0031.tlg023.perseus-grc2	Ἐν τούτῳ ἐγνώκαμεν τὴν ἀγάπην, ὅτι ἐκεῖνος ὑπὲρ ἡμῶν τὴν ψυχὴν αὐτοῦ ἔθηκεν·	ἐν οὗτος  ὁ ἀγάπη , ὅτι2 ἐκεῖνος ὑπέρ ἐγώ ὁ ψυχή αὐτός τίθημι ·
801982	tlg0031.tlg023.perseus-grc2	καὶ ἡμεῖς ὀφείλομεν ὑπὲρ τῶν ἀδελφῶν τὰς ψυχὰς θεῖναι.	καί  ὀφείλω ὑπέρ ὁ ἀδελφός ὁ ψυχή θείνω .
801983	tlg0031.tlg023.perseus-grc2	ὃς δʼ ἂν ἔχῃ τὸν βίον τοῦ κόσμου καὶ θεωρῇ τὸν ἀδελφὸν αὐτοῦ χρείαν ἔχοντα καὶ κλείσῃ τὰ σπλάγχνα αὐτοῦ ἀπʼ αὐτοῦ, πῶς ἡ ἀγάπη τοῦ θεοῦ μένει ἐν αὐτῷ;	ὅς δέ ἄν ἔχω ὁ βίος ὁ κόσμος καί  ὁ ἀδελφός αὐτός χρεία ἔχω καί κλείω ὁ σπλάγχνον αὐτός  αὐτός , πῶς ὁ ἀγάπη ὁ θεός μένω ἐν αὐτός ;
801984	tlg0031.tlg023.perseus-grc2	Τεκνία, μὴ ἀγαπῶμεν λόγῳ μηδὲ τῇ γλώσσῃ ἀλλὰ ἐν ἔργῳ καὶ ἀληθείᾳ.	, μή ἀγαπάω λόγος μηδέ ὁ γλῶσσα ἀλλά ἐν ἔργον καί ἀλήθεια .
801985	tlg0031.tlg023.perseus-grc2	Ἐν τούτῳ γνωσόμεθα ὅτι ἐκ τῆς ἀληθείας ἐσμέν, καὶ ἔμπροσθεν αὐτοῦ πείσομεν τὴν καρδίαν ἡμῶν ὅτι ἐὰν καταγινώσκῃ ἡμῶν ἡ καρδία, ὅτι μείζων ἐστὶν ὁ θεὸς τῆς καρδίας ἡμῶν καὶ γινώσκει πάντα.	ἐν οὗτος γιγνώσκω ὅτι2 ἐκ ὁ ἀλήθεια εἰμί , καί ἔμπροσθεν αὐτός πείθω ὁ καρδία  ὅτι2  καταγιγνώσκω ἐγώ ὁ καρδία , ὅτι2 μέγας εἰμί ὁ  ὁ καρδία ἐγώ καί γιγνώσκω πᾶς .
801986	tlg0031.tlg023.perseus-grc2	Ἀγαπητοί, ἐὰν ἡ καρδία μὴ καταγινώσκῃ, παρρησίαν ἔχομεν πρὸς τὸν θεόν, καὶ ὃ ἂν αἰτῶμεν λαμβάνομεν ἀπʼ αὐτοῦ, ὅτι τὰς ἐντολὰς αὐτοῦ τηροῦμεν καὶ τὰ ἀρεστὰ ἐνώπιον αὐτοῦ ποιοῦμεν.	, ἐάν ὁ καρδία μή  , παρρησία ἔχω πρός ὁ θεός , καί  ἐάν αἰτέω  ἀπό αὐτός , ὅτι2 ὁ ἐντολή αὐτός τηρέω καί ὁ ἀρεστός ἐνώπιος αὐτός ποιέω .
801987	tlg0031.tlg023.perseus-grc2	καὶ αὕτη ἐστὶν ἡ ἐντολὴ αὐτοῦ, ἵνα πιστεύσωμεν τῷ ὀνόματι τοῦ υἱοῦ αὐτοῦ Ἰησοῦ Χριστοῦ καὶ ἀγαπῶμεν ἀλλήλους, καθὼς ἔδωκεν ἐντολὴν ἡμῖν.	καί οὗτος εἰμί ὁ ἐντολή αὐτός , ἵνα πιστεύω τῷ ὄνομα ὁ υἱός αὐτός Ἰησοῦς  καί ἀγαπάω ἀλλήλων ,  δίδωμι ἐντολή  .
801988	tlg0031.tlg023.perseus-grc2	καὶ ὁ τηρῶν τὰς ἐντολὰς αὐτοῦ ἐν αὐτῷ μένει καὶ αὐτὸς ἐν αὐτῷ·	καί ὁ τηρέω ὁ ἐντολή αὐτός ἐν αὐτός μένος καί αὐτός ἐν αὐτός ·
801989	tlg0031.tlg023.perseus-grc2	καὶ ἐν τούτῳ γινώσκομεν ὅτι μένει ἐν ἡμῖν, ἐκ τοῦ πνεύματος οὗ ἡμῖν ἔδωκεν.	καί ἐν οὗτος γιγνώσκω ὅτι2 μένω ἐν ἐγώ , ἐκ ὁ πνεῦμα οὗ  δίδωμι .
801990	tlg0031.tlg023.perseus-grc2	Ἀγαπητοί, μὴ παντὶ πνεύματι πιστεύετε, ἀλλὰ δοκιμάζετε τὰ πνεύματα εἰ ἐκ τοῦ θεοῦ ἐστίν, ὅτι πολλοὶ ψευδοπροφῆται ἐξεληλύθασιν εἰς τὸν κόσμον.	, μή πᾶς πνεῦμα πιστεύω , ἀλλά δοκιμάζω ὁ πνεῦμα εἰ ἐκ ὁ θεός εἰμί , ὅτι2 πολύς ψευδοπροφήτης ἐξέρχομαι εἰς ὁ κόσμος .
801991	tlg0031.tlg023.perseus-grc2	Ἐν τούτῳ γινώσκετε τὸ πνεῦμα τοῦ θεοῦ·	ἐν οὗτος γιγνώσκω ὁ πνεῦμα ὁ θεός ·
801992	tlg0031.tlg023.perseus-grc2	πᾶν πνεῦμα ὃ ὁμολογεῖ Ἰησοῦν Χριστὸν ἐν σαρκὶ ἐληλυθότα ἐκ τοῦ θεοῦ ἐστίν, καὶ πᾶν πνεῦμα ὃ μὴ ὁμολογεῖ τὸν Ἰησοῦν ἐκ τοῦ θεοῦ οὐκ ἔστιν·	πᾶς πνεῦμα ὅς ὁμολογέω   ἐν σάρξ ἔρχομαι ἐκ ὁ θεός εἰμί , καί πᾶς πνεῦμα ὅς μή ὁμολογέω ὁ Ἰησοῦς ἐκ ὁ θεός οὐ εἰμί ·
801993	tlg0031.tlg023.perseus-grc2	καὶ τοῦτό ἐστιν τὸ τοῦ ἀντιχρίστου, ὃ ἀκηκόατε ὅτι ἔρχεται, καὶ νῦν ἐν τῷ κόσμῳ ἐστὶν ἤδη.	καί  εἰμί ὁ ὁ  , ὅς  ὅτι2 ἔρχομαι , καί νῦν ἐν ὁ κόσμος εἰμί ἤδη .
801994	tlg0031.tlg023.perseus-grc2	Ὑμεῖς ἐκ τοῦ θεοῦ ἐστέ, τεκνία, καὶ νενικήκατε αὐτούς, ὅτι μείζων ἐστὶν ὁ ἐν ὑμῖν ἢ ὁ ἐν τῷ κόσμῳ·	ἐκ ὁ θεός  ,  , καί  αὐτός , ὅτι2 μέγας εἰμί ὁ ἐν  τίη ὁ ἐν ὁ κόσμος ·
801995	tlg0031.tlg023.perseus-grc2	αὐτοὶ ἐκ τοῦ κόσμου εἰσίν·	αὐτός ἐκ ὁ  εἰμί ·
801996	tlg0031.tlg023.perseus-grc2	διὰ τοῦτο ἐκ τοῦ κόσμου λαλοῦσιν καὶ ὁ κόσμος αὐτῶν ἀκούεὶ.	διά οὗτος ἐκ ὁ  λαλέω καί ὁ κόσμος αὐτός  .
801997	tlg0031.tlg023.perseus-grc2	ἡμεῖς ἐκ τοῦ θεοῦ ἐσμέν·	ἐκ ὁ θεός εἰμί ·
801998	tlg0031.tlg023.perseus-grc2	ὁ γινώσκων τὸν θεὸν ἀκούει ἡμῶν, ὃς οὐκ ἔστιν ἐκ τοῦ θεοῦ οὐκ ἀκούει ἡμῶν.	ὁ γιγνώσκω ὁ  ἀκούω  , ὅς οὐ εἰμί ἐκ ὁ θεός οὐ ἀκούω ἐγώ .
801999	tlg0031.tlg023.perseus-grc2	ἐκ τούτου γινώσκομεν τὸ πνεῦμα τῆς ἀληθείας καὶ τὸ πνεῦμα τῆς πλάνης.	ἐκ οὗτος γιγνώσκω ὁ πνεῦμα ὁ ἀλήθεια καί ὁ πνεῦμα ὁ πλάνη .
802000	tlg0031.tlg023.perseus-grc2	Ἀγαπητοί, ἀγαπῶμεν ἀλλήλους, ὅτι ἡ ἀγάπη ἐκ τοῦ θεοῦ ἐστίν, καὶ πᾶς ὁ ἀγαπῶν ἐκ τοῦ θεοῦ γεγέννηται καὶ γινώσκει τὸν θεόν.	, ἀγαπάω ἀλλήλων , ὅτι2 ὁ ἀγάπη ἐκ ὁ θεός εἰμί , καί πᾶς ὁ ἀγαπάω ἐκ ὁ θεός γεννάω καί γιγνώσκω ὁ θεός .
802001	tlg0031.tlg023.perseus-grc2	ὁ μὴ ἀγαπῶν οὐκ ἔγνω τὸν θεόν, ὅτι ὁ θεὸς ἀγάπη ἐστίν.	ὁ μή ἀγαπάω οὐ γιγνώσκω ὁ θεός , ὅτι2 ὁ   εἰμί .
802002	tlg0031.tlg023.perseus-grc2	ἐν τούτῳ ἐφανερώθη ἡ ἀγάπη τοῦ θεοῦ ἐν ἡμῖν, ὅτι τὸν υἱὸν αὐτοῦ τὸν μονογενῆ ἀπέσταλκεν ὁ θεὸς εἰς τὸν κόσμον ἵνα ζήσωμεν διʼ αὐτοῦ.	ἐν οὗτος φανερόω ὁ ἀγάπη ὁ θεός ἐν ἐγώ , ὅτι2 ὁ υἱός αὐτός ὁ μονογενής  ὁ  εἰς ὁ κόσμος ἵνα ζήω  αὐτός .
802003	tlg0031.tlg023.perseus-grc2	ἐν τούτῳ ἐστὶν ἡ ἀγάπη, οὐχ ὅτι ἡμεῖς ἠγαπήκαμεν τὸν θεόν, ἀλλʼ ὅτι αὐτὸς ἠγάπησεν ἡμᾶς καὶ ἀπέστειλεν τὸν υἱὸν αὐτοῦ ἱλασμὸν περὶ τῶν ἁμαρτιῶν ἡμῶν.	ἐν οὗτος εἰμί ὁ ἀγάπη , οὐ ὅτι2   ὁ θεός , ἀλλά ὅτι2 αὐτός ἀγαπάω ἐγώ καί ἀποστέλλω ὁ υἱός αὐτός ἱλασμός περί ὁ   .
802004	tlg0031.tlg023.perseus-grc2	Ἀγαπητοί, εἰ οὕτως ὁ θεὸς ἠγάπησεν ἡμᾶς, καὶ ἡμεῖς ὀφείλομεν ἀλλήλους ἀγαπᾷν.	, εἰ οὕτως ὁ  ἀγαπάω ἐγώ , καί  ὀφείλω ἀλλήλων  .
802005	tlg0031.tlg023.perseus-grc2	θεὸν οὐδεὶς πώποτε τεθέαται·	πώποτε θεάομαι ·
802006	tlg0031.tlg023.perseus-grc2	ἐὰν ἀγαπῶμεν ἀλλήλους, ὁ θεὸς ἐν ἡμῖν μένει καὶ ἡ ἀγάπη αὐτοῦ τετελειωμένη ἐν ἡμῖν ἐστίν.	ἐάν  ἀλλήλων , ὁ  ἐν  μένω καί ὁ ἀγάπη αὐτός τελειόω ἐν ἐγώ εἰμί .
802007	tlg0031.tlg023.perseus-grc2	ἐν τούτῳ γινώσκομεν ὅτι ἐν αὐτῷ μένομεν καὶ αὐτὸς ἐν ἡμῖν, ὅτι ἐκ τοῦ πνεύματος αὐτοῦ δέδωκεν ἡμῖν.	ἐν οὗτος γιγνώσκω ὅτι2 ἐν αὐτός μένω καί αὐτός ἐν ἐγώ , ὅτι2 ἐκ ὁ πνεῦμα αὐτός δίδωμι  .
802008	tlg0031.tlg023.perseus-grc2	Καὶ ἡμεῖς τεθεάμεθα καὶ μαρτυροῦμεν ὅτι ὁ πατὴρ ἀπέσταλκεν τὸν υἱὸν σωτῆρα τοῦ κόσμου.	καί   καί μαρτυρέω ὅτι2 ὁ πατήρ  ὁ υἱός σωτήρ ὁ κόσμος .
802009	tlg0031.tlg023.perseus-grc2	ὃς ἐὰν ὁμολογήσῃ ὅτι Ἰησοῦς Χριστός ἐστιν ὁ υἱὸς τοῦ θεοῦ, ὁ θεὸς ἐν αὐτῷ μένει καὶ αὐτὸς ἐν τῷ θεῷ.	ὅς  ὁμολογέω ὅτι2   εἰμί ὁ υἱός ὁ θεός , ὁ  ἐν αὐτός μένω καί αὐτός ἐν ὁ θεός .
802010	tlg0031.tlg023.perseus-grc2	Καὶ ἡμεῖς ἐγνώκαμεν καὶ πεπιστεύκαμεν τὴν ἀγάπην ἣν ἔχει ὁ θεὸς ἐν ἡμῖν.	καί   καί πιστεύω ὁ ἀγάπη  ἔχω ὁ  ἐν  .
802011	tlg0031.tlg023.perseus-grc2	Ὁ θεὸς ἀγάπη ἐστίν, καὶ ὁ μένων ἐν τῇ ἀγάπῃ ἐν τῷ θεῷ μένει καὶ ὁ θεὸς ἐν αὐτῷ μένει.	εἰμί , καί ὁ μένω ἐν ὁ ἀγάπη ἐν ὁ θεός μένω καί ὁ  ἐν αὐτός μένω .
802012	tlg0031.tlg023.perseus-grc2	Ἐν τούτῳ τετελείωται ἡ ἀγάπη μεθʼ ἡμῶν, ἵνα παρρησίαν ἔχωμεν ἐν τῇ ἡμέρᾳ τῆς κρίσεως, ὅτι καθὼς ἐκεῖνός ἐστιν καὶ ἡμεῖς ἐσμὲν ἐν τῷ κόσμῳ τούτῳ.	ἐν οὗτος τελειόω ὁ ἀγάπη μετά  , ἵνα παρρησία ἔχω ἐν ὁ ἡμέρα ὁ κρίσις , ὅτι2   εἰμί καί ἐγώ εἰμί ἐν ὁ κόσμος οὗτος .
802013	tlg0031.tlg023.perseus-grc2	φόβος οὐκ ἔστιν ἐν τῇ ἀγάπῃ, ἀλλʼ ἡ τελεία ἀγάπη ἔξω βάλλει τὸν φόβον, ὅτι ὁ φόβος κόλασιν ἔχει, ὁ δὲ φοβούμενος οὐ τετελείωται ἐν τῇ ἀγάπῃ.	φόβος οὐ εἰμί ἐν ὁ ἀγάπη , ἀλλά ὁ τέλειος ἀγάπη ἔξω βάλλω ὁ φόβος , ὅτι2 ὁ φόβος κόλασις ἔχω , ὁ δέ φοβέω οὐ τελειόω ἐν ὁ ἀγάπη .
802014	tlg0031.tlg023.perseus-grc2	Ἡμεῖς ἀγαπῶμεν, ὅτι αὐτὸς πρῶτος ἠγάπησεν ἡμᾶς.	ἀγαπάω , ὅτι2 αὐτός πρῶτος ἀγαπάω ἐγώ .
802015	tlg0031.tlg023.perseus-grc2	ἐάν τις εἴπῃ ὅτι Ἀγαπῶ τὸν θεόν, καὶ τὸν ἀδελφὸν αὐτοῦ μισῇ, ψεύστης ἐστίν·	ἐάν τις λέγω ὅτι2 ἀγαπάω ὁ θεός , καί ὁ ἀδελφός αὐτός  , ψεύστης εἰμί ·
802016	tlg0031.tlg023.perseus-grc2	ὁ γὰρ μὴ ἀγαπῶν τὸν ἀδελφὸν αὐτοῦ ὃν ἑώρακεν, τὸν θεὸν ὃν οὐχ ἑώρακεν οὐ δύναται ἀγαπᾷν.	ὁ γάρ μή ἀγαπάω ὁ ἀδελφός αὐτός ὅς ὁράω , ὁ  ὅς οὐ ὁράω οὐ δύναμαι  .
802017	tlg0031.tlg023.perseus-grc2	καὶ ταύτην τὴν ἐντολὴν ἔχομεν ἀπʼ αὐτοῦ, ἵνα ὁ ἀγαπῶν τὸν θεὸν ἀγαπᾷ καὶ τὸν ἀδελφὸν αὐτοῦ.	καί οὗτος ὁ ἐντολή ἔχω ἀπό αὐτός , ἵνα ὁ ἀγαπάω ὁ   καί ὁ ἀδελφός αὐτός .
802018	tlg0031.tlg023.perseus-grc2	Πᾶς ὁ πιστεύων ὅτι Ἰησοῦς ἐστὶν ὁ χριστὸς ἐκ τοῦ θεοῦ γεγέννηται, καὶ πᾶς ὁ ἀγαπῶν τὸν γεννήσαντα ἀγαπᾷ τὸν γεγεννημένον ἐξ αὐτοῦ.	ὁ πιστεύω ὅτι2  εἰμί ὁ χριστός ἐκ ὁ θεός γεννάω , καί πᾶς ὁ ἀγαπάω ὁ γεννάω ἀγάπη ὁ γεννάω ἐκ αὐτός .
802019	tlg0031.tlg023.perseus-grc2	ἐν τούτῳ γινώσκομεν ὅτι ἀγαπῶμεν τὰ τέκνα τοῦ θεοῦ, ὅταν τὸν θεὸν ἀγαπῶμεν καὶ τὰς ἐντολὰς αὐτοῦ ποιῶμεν·	ἐν οὗτος γιγνώσκω ὅτι2 ἀγαπάω ὁ τέκνον ὁ θεός , ὅταν ὁ  ἀγαπάω καί ὁ ἐντολή αὐτός ποιέω ·
802020	tlg0031.tlg023.perseus-grc2	αὕτη γάρ ἐστιν ἡ ἀγάπη τοῦ θεοῦ ἵνα τὰς ἐντολὰς αὐτοῦ τηρῶμεν, καὶ αἱ ἐντολαὶ αὐτοῦ βαρεῖαι οὐκ εἰσίν, ὅτι πᾶν τὸ γεγεννημένον ἐκ τοῦ θεοῦ νικᾷ τὸν κόσμον.	οὗτος γάρ εἰμί ὁ ἀγάπη ὁ θεός ἵνα ὁ ἐντολή αὐτός τηρέω , καί ὁ ἐντολή αὐτός βαρύς οὐ εἰμί , ὅτι2 πᾶς ὁ γεννάω ἐκ ὁ θεός νικάω ὁ κόσμος .
802021	tlg0031.tlg023.perseus-grc2	καὶ αὕτη ἐστὶν ἡ νίκη ἡ νικήσασα τὸν κόσμον, ἡ πίστις ἡμῶν·	καί οὗτος εἰμί ὁ νίκη ὁ νικάω ὁ κόσμος , ὁ πίστις  ·
802022	tlg0031.tlg023.perseus-grc2	τίς ἐστιν δὲ ὁ νικῶν τὸν κόσμον εἰ μὴ ὁ πιστεύων ὅτι Ἰησοῦς ἐστὶν ὁ υἱὸς τοῦ θεοῦ;	τις εἰμί δέ ὁ νικάω ὁ κόσμος εἰ μή ὁ πιστεύω ὅτι2  εἰμί ὁ υἱός ὁ θεός ;
802023	tlg0031.tlg023.perseus-grc2	Οὗτός ἐστιν ὁ ἐλθὼν διʼ ὕδατος καὶ αἵματος, Ἰησοῦς Χριστός·	εἰμί ὁ ἔρχομαι διά ὕδωρ καί αἷμα ,   ·
802024	tlg0031.tlg023.perseus-grc2	οὐκ ἐν τῷ ὕδατι μόνον ἀλλʼ ἐν τῷ ὕδατι καὶ ἐν τῷ αἵματι·	οὐ ἐν ὁ ὕδωρ μόνος  ἐν ὁ ὕδωρ καί ἐν ὁ αἷμα ·
802025	tlg0031.tlg023.perseus-grc2	καὶ τὸ πνεῦμά ἐστιν τὸ μαρτυροῦν, ὅτι τὸ πνεῦμά ἐστιν ἡ ὅτι τρεῖς εἰσὶν οἱ μαρτυροῦντες, ἀλήθεια.	καί ὁ πνεῦμα εἰμί ὁ  , ὅτι2 ὁ πνεῦμα εἰμί ὁ ὅτι2  εἰμί ὁ μαρτυρέω , ἀλήθεια .
802026	tlg0031.tlg023.perseus-grc2	τὸ πνεῦμα καὶ τὸ ὕδωρ καὶ τὸ αἷμα, καὶ οἱ τρεῖς εἰς τὸ ἕν εἰσιν.	ὁ πνεῦμα καί ὁ ὕδωρ καί ὁ αἷμα , καί ὁ  εἰς ὁ  εἰμί .
802027	tlg0031.tlg023.perseus-grc2	εἰ τὴν μαρτυρίαν τῶν ἀνθρώπων λαμβάνομεν, ἡ μαρτυρία τοῦ θεοῦ μείζων ἐστίν, ὅτι αὕτη ἐστὶν ἡ μαρτυρία τοῦ θεοῦ ὅτι μεμαρτύρηκεν περὶ τοῦ υἱοῦ αὐτοῦ.	εἰ ὁ μαρτυρία ὁ ἄνθρωπος λαμβάνω , ὁ μαρτυρία ὁ θεός μέγας εἰμί , ὅτι2 οὗτος εἰμί ὁ μαρτυρία ὁ θεός ὅτι2 μαρτυρέω περί ὁ υἱός αὐτός .
802028	tlg0031.tlg023.perseus-grc2	ὁ πιστεύων εἰς τὸν υἱὸν τοῦ θεοῦ ἔχει τὴν μαρτυρίαν ἐν αὑτῷ·	ὁ πιστεύω εἰς ὁ υἱός ὁ θεός ἔχω ὁ μαρτυρία ἐν ἑαυτοῦ ·
802029	tlg0031.tlg023.perseus-grc2	ὁ μὴ πιστεύων τῷ θεῷ ψεύστην πεποίηκεν αὐτόν, ὅτι οὐ πεπίστευκεν εἰς τὴν μαρτυρίαν ἣν μεμαρτύρηκεν ὁ θεὸς περὶ τοῦ υἱοῦ αὐτοῦ.	ὁ μή πιστεύω ὁ θεός  ποιέω αὐτός , ὅτι2 οὐ πιστεύω εἰς ὁ μαρτυρία  μαρτυρέω ὁ  περί ὁ υἱός αὐτός .
802030	tlg0031.tlg023.perseus-grc2	καὶ αὕτη ἐστὶν ἡ μαρτυρία, ὅτι ζωὴν αἰώνιον ἔδωκεν ὁ θεὸς ἡμῖν, καὶ αὕτη ἡ ζωὴ ἐν τῷ υἱῷ αὐτοῦ ἐστίν.	καί οὗτος εἰμί ὁ μαρτυρία , ὅτι2 ζωή αἰώνιος δίδωμι ὁ   , καί οὗτος ὁ ζωή ἐν τῷ υἱός αὐτός εἰμί .
802031	tlg0031.tlg023.perseus-grc2	ὁ ἔχων τὸν υἱὸν ἔχει τὴν ζωήν·	ὁ ἔχω ὁ υἱός ἔχω ὁ ζωή ·
802032	tlg0031.tlg023.perseus-grc2	ὁ μὴ ἔχων τὸν υἱὸν τοῦ θεοῦ τὴν ζωὴν οὐκ ἔχει.	ὁ μή ἔχω ὁ υἱός ὁ θεός ὁ ζωή οὐ ἔχω .
802033	tlg0031.tlg023.perseus-grc2	Ταῦτα ἔγραψα ὑμῖν ἵνα εἰδῆτε ὅτι ζωὴν ἔχετε αἰώνιον, τοῖς πιστεύουσιν εἰς τὸ ὄνομα τοῦ υἱοῦ τοῦ θεοῦ.	γράφω  ἵνα  ὅτι2 ζωή ἔχω αἰώνιος , ὁ πιστεύω εἰς ὁ ὄνομα ὁ υἱός ὁ θεός .
802034	tlg0031.tlg023.perseus-grc2	καὶ αὕτη ἐστὶν ἡ παρρησία ἣν ἔχομεν πρὸς αὐτόν, ὅτι ἐάν τι αἰτώμεθα κατὰ τὸ θέλημα αὐτοῦ ἀκούει ἡμῶν.	καί οὗτος εἰμί ὁ παρρησία ὅς ἔχω πρός αὐτός , ὅτι2 ἐάν τι αἰτέω κατά ὁ θέλημα αὐτός ἀκούω ἐγώ .
802035	tlg0031.tlg023.perseus-grc2	καὶ ἐὰν οἴδαμεν ὅτι ἀκούει ἡμῶν ὃ ἐὰν αἰτώμεθα, οἴδαμεν ὅτι ἔχομεν τὰ αἰτήματα ἃ ᾐτήκαμεν ἀπʼ αὐτοῦ.	καί ἐάν οἶδα ὅτι2 ἀκούω ἐγώ  ἐάν αἰτέω , οἶδα ὅτι2 ἔχω ὁ αἴτημα ὅς αἰτέω  αὐτός .
802036	tlg0031.tlg023.perseus-grc2	Ἐάν τις ἴδῃ τὸν ἀδελφὸν αὐτοῦ ἁμαρτάνοντα ἁμαρτίαν μὴ πρὸς θάνατον, αἰτήσει, καὶ δώσει αὐτῷ ζωήν, τοῖς ἁμαρτάνουσιν μὴ πρὸς θάνατον.	τις εἶδον ὁ ἀδελφός αὐτός ἁμαρτάνω ἁμαρτία μή πρός θάνατος , αἰτέω , καί δίδωμι αὐτός ζωή , ὁ ἁμαρτάνω μή πρός θάνατος .
802037	tlg0031.tlg023.perseus-grc2	ἔστιν ἁμαρτία πρὸς θάνατον·	εἰμί ἁμαρτία πρός θάνατος ·
802038	tlg0031.tlg023.perseus-grc2	οὐ περὶ ἐκείνης λέγω ἵνα ἐρωτήσῃ.	οὐ περί ἐκεῖνος λέγω ἵνα ἐρωτάω .
802039	tlg0031.tlg023.perseus-grc2	πᾶσα ἀδικία ἁμαρτία ἐστίν, καὶ ἔστιν ἁμαρτία οὐ πρὸς θάνατον.	πᾶς ἀδικία  εἰμί , καί εἰμί ἁμαρτία οὐ πρός θάνατος .
802040	tlg0031.tlg023.perseus-grc2	Οἴδαμεν ὅτι πᾶς ὁ γεγεννημένος ἐκ τοῦ θεοῦ οὐχ ἁμαρτάνει, ἀλλʼ ὁ γεννηθεὶς ἐκ τοῦ θεοῦ τηρεῖ αὐτόν, καὶ ὁ πονηρὸς οὐχ ἅπτεται αὐτοῦ.	ὅτι2 πᾶς ὁ γεννάω ἐκ ὁ θεός οὐ ἁμαρτάνω ,  ὁ γεννάω ἐκ ὁ θεός τηρέω αὐτός , καί ὁ πονηρός οὐ ἅπτω αὐτός .
802041	tlg0031.tlg023.perseus-grc2	οἴδαμεν ὅτι ἐκ τοῦ θεοῦ ἐσμέν, καὶ ὁ κόσμος ὅλος ἐν τῷ πονηρῷ κεῖται.	ὅτι2 ἐκ ὁ θεός εἰμί , καί ὁ κόσμος ὅλος ἐν ὁ  κεῖμαι .
802042	tlg0031.tlg023.perseus-grc2	οἴδαμεν δὲ ὅτι ὁ υἱὸς τοῦ θεοῦ ἥκει, καὶ δέδωκεν ἡμῖν διάνοιαν ἵνα γινώσκομεν τὸν ἀληθινόν·	δέ ὅτι2 ὁ υἱός ὁ θεός ἥκω , καί δίδωμι ἐγώ διάνοια ἵνα γιγνώσκω ὁ ἀληθινός ·
802043	tlg0031.tlg023.perseus-grc2	καί ἐσμεν ἐν τῷ ἀληθινῷ, ἐν τῷ υἱῷ αὐτοῦ Ἰησοῦ Χριστῷ.	καί εἰμί ἐν τῷ ἀληθινός , ἐν ὁ υἱός αὐτός Ἰησοῦς Χριστός .
802044	tlg0031.tlg023.perseus-grc2	οὗτός ἐστιν ὁ ἀληθινὸς θεὸς καὶ ζωὴ αἰώνιος.	εἰμί ὁ ἀληθινός  καί  αἰώνιος .
802045	tlg0031.tlg023.perseus-grc2	Τεκνία, φυλάξατε ἑαυτὰ ἀπὸ τῶν εἰδώλων.	, φυλάσσω  ἀπό ὁ εἴδωλον .
